date,day_of_week,transactions,avg_ticket_usd,total_sales_usd,high_temp_f,cold_drink_share,staff_on_shift
2026-06-01,Monday,243,7.13,1732.59,77.2,0.284,3
2026-06-02,Tuesday,202,6.48,1308.96,80.8,0.374,3
2026-06-03,Wednesday,217,5.27,1143.59,80.8,0.374,4
2026-06-04,Thursday,219,6.08,1331.52,83.8,0.423,3
2026-06-05,Friday,226,6.78,1532.28,88.7,0.523,3
2026-06-06,Saturday,314,7.08,2223.12,89.1,0.484,5
2026-06-07,Sunday,274,6.13,1679.62,84.3,0.416,4
2026-06-08,Monday,203,6.92,1404.76,84.7,0.423,3
2026-06-09,Tuesday,196,6.55,1283.8,75.1,0.272,4
2026-06-10,Wednesday,232,5.9,1368.8,87.5,0.473,2
2026-06-11,Thursday,216,6.05,1306.8,82.7,0.395,3
2026-06-12,Friday,224,6.92,1550.08,90.8,0.578,3
2026-06-13,Saturday,324,7.56,2449.44,80.7,0.391,4
2026-06-14,Sunday,316,7.45,2354.2,83.0,0.373,4
2026-06-15,Monday,246,6.31,1552.26,82.7,0.377,3
2026-06-16,Tuesday,247,6.78,1674.66,93.5,0.614,2
2026-06-17,Wednesday,201,6.25,1256.25,87.8,0.501,3
2026-06-18,Thursday,242,6.66,1611.72,81.3,0.387,2
2026-06-19,Friday,235,6.92,1626.2,80.5,0.342,3
2026-06-20,Saturday,320,7.14,2284.8,86.9,0.472,4
2026-06-21,Sunday,293,6.16,1804.88,86.2,0.409,5
2026-06-22,Monday,226,6.48,1464.48,90.1,0.557,4
2026-06-23,Tuesday,234,6.54,1530.36,87.4,0.442,4
2026-06-24,Wednesday,228,6.44,1468.32,83.6,0.422,2
2026-06-25,Thursday,200,5.88,1176.0,74.9,0.291,2
2026-06-26,Friday,226,6.3,1423.8,82.2,0.405,3
2026-06-27,Saturday,313,7.75,2425.75,79.4,0.365,3
2026-06-28,Sunday,314,7.16,2248.24,78.8,0.317,3
2026-06-29,Monday,219,6.53,1430.07,83.5,0.431,3
2026-06-30,Tuesday,203,6.54,1327.62,79.1,0.371,3
2026-07-01,Wednesday,222,6.58,1460.76,82.6,0.383,2
2026-07-02,Thursday,195,6.12,1193.4,83.7,0.402,3
2026-07-03,Friday,241,6.21,1496.61,79.9,0.35,3
2026-07-04,Saturday,314,7.68,2411.52,81.5,0.385,3
2026-07-05,Sunday,298,7.48,2229.04,85.6,0.464,3
2026-07-06,Monday,216,6.69,1445.04,90.6,0.552,3
2026-07-07,Tuesday,249,5.95,1481.55,82.7,0.435,3
2026-07-08,Wednesday,184,6.48,1192.32,81.9,0.439,3
2026-07-09,Thursday,245,6.59,1614.55,91.6,0.491,2
2026-07-10,Friday,237,6.42,1521.54,88.0,0.509,3
2026-07-11,Saturday,371,7.46,2767.66,86.3,0.488,4
2026-07-12,Sunday,296,7.01,2074.96,92.0,0.496,5
2026-07-13,Monday,222,5.66,1256.52,83.2,0.392,2
2026-07-14,Tuesday,224,6.76,1514.24,83.0,0.41,2
2026-07-15,Wednesday,228,6.4,1459.2,88.5,0.494,3
2026-07-16,Thursday,220,6.18,1359.6,81.3,0.372,4
2026-07-17,Friday,238,7.59,1806.42,83.8,0.456,3
2026-07-18,Saturday,308,6.48,1995.84,83.8,0.401,4
2026-07-19,Sunday,322,6.58,2118.76,94.1,0.63,4
2026-07-20,Monday,270,6.21,1676.7,78.9,0.286,3
2026-07-21,Tuesday,231,5.52,1275.12,86.8,0.462,3
2026-07-22,Wednesday,223,7.07,1576.61,83.8,0.394,3
2026-07-23,Thursday,241,6.59,1588.19,87.4,0.515,4
2026-07-24,Friday,260,6.76,1757.6,83.0,0.362,3
2026-07-25,Saturday,298,7.96,2372.08,90.8,0.513,4
2026-07-26,Sunday,330,7.62,2514.6,87.2,0.547,5
2026-07-27,Monday,256,5.65,1446.4,78.5,0.284,4
2026-07-28,Tuesday,252,6.59,1660.68,85.1,0.455,4
2026-07-29,Wednesday,267,5.96,1591.32,80.0,0.354,2
2026-07-30,Thursday,218,6.62,1443.16,82.7,0.36,4
2026-07-31,Friday,262,6.27,1642.74,74.5,0.251,3
2026-08-01,Saturday,325,7.13,2317.25,87.5,0.459,4
2026-08-02,Sunday,356,7.79,2773.24,87.4,0.516,3
2026-08-03,Monday,239,5.89,1407.71,89.1,0.51,2
2026-08-04,Tuesday,246,6.58,1618.68,82.5,0.355,3
2026-08-05,Wednesday,259,6.46,1673.14,78.8,0.328,3
2026-08-06,Thursday,237,5.86,1388.82,87.4,0.522,4
2026-08-07,Friday,259,6.87,1779.33,83.6,0.436,2
2026-08-08,Saturday,344,7.29,2507.76,92.5,0.595,3
2026-08-09,Sunday,328,7.34,2407.52,85.3,0.45,5
2026-08-10,Monday,234,5.84,1366.56,85.8,0.441,2
2026-08-11,Tuesday,240,6.83,1639.2,86.3,0.436,3
2026-08-12,Wednesday,242,6.3,1524.6,82.3,0.347,3
2026-08-13,Thursday,251,6.49,1628.99,84.8,0.456,4
2026-08-14,Friday,265,7.05,1868.25,88.2,0.451,4
2026-08-15,Saturday,323,6.44,2080.12,83.9,0.42,5
2026-08-16,Sunday,320,7.44,2380.8,82.2,0.398,3
2026-08-17,Monday,256,6.28,1607.68,79.3,0.353,3
2026-08-18,Tuesday,244,6.3,1537.2,80.1,0.322,3
2026-08-19,Wednesday,259,7.18,1859.62,83.2,0.443,3
2026-08-20,Thursday,267,5.95,1588.65,78.3,0.328,3
2026-08-21,Friday,242,6.79,1643.18,78.1,0.28,2
2026-08-22,Saturday,356,7.9,2812.4,88.1,0.483,4
2026-08-23,Sunday,341,7.32,2496.12,86.9,0.47,4
2026-08-24,Monday,261,6.55,1709.55,84.6,0.428,2
2026-08-25,Tuesday,255,6.94,1769.7,83.3,0.399,3
2026-08-26,Wednesday,240,5.71,1370.4,84.8,0.431,3
2026-08-27,Thursday,269,6.03,1622.07,74.6,0.225,4
2026-08-28,Friday,262,6.61,1731.82,78.8,0.428,4
2026-08-29,Saturday,367,6.76,2480.92,88.2,0.472,4
