building_id,building_type,floor_area_sqft,building_age_years,weekly_operating_hours,led_retrofit,hvac_tons,num_floors,parking_spaces,annual_kwh
RB-001,office,27600,28,72,0,70.2,1,37,382702
RB-002,office,95900,54,84,0,228.9,4,322,1557582
RB-003,retail,39000,52,72,0,91.4,3,232,810737
RB-004,office,57900,48,60,1,136.7,4,99,898061
RB-005,office,44800,55,50,0,113.1,4,201,882060
RB-006,warehouse,86100,26,72,1,178.9,6,110,647921
RB-007,office,22700,47,168,1,56.1,2,251,527153
RB-008,retail,28800,5,60,1,73.9,1,181,539223
RB-009,retail,80400,5,72,1,221.9,5,151,1831372
RB-010,warehouse,23300,58,50,0,52.7,1,206,174036
RB-011,office,110600,52,72,1,270.2,5,353,2191240
RB-012,retail,50500,12,72,1,131.5,2,269,1019377
RB-013,medical,33400,25,168,0,69.1,2,266,1362492
RB-014,warehouse,19400,21,50,1,46.7,2,171,95615
RB-015,office,30000,19,60,0,75.2,2,363,490010
RB-016,retail,78000,54,50,0,191.8,6,380,1489828
RB-017,office,31200,57,60,0,71.6,1,49,496628
RB-018,warehouse,52700,32,72,1,129.8,3,113,365937
RB-019,warehouse,69800,22,72,0,178.4,4,373,491095
RB-020,office,96400,30,50,1,238.8,7,398,1253891
RB-021,warehouse,45100,56,84,0,112.1,6,166,386694
RB-022,retail,88200,10,168,1,243.0,4,46,2473150
RB-023,office,85900,58,50,0,246.7,7,316,1614774
RB-024,office,71000,55,72,1,184.4,8,21,1231303
RB-025,warehouse,202900,54,60,1,486.5,11,201,1642647
RB-026,office,32200,9,60,1,78.6,2,255,476041
RB-027,retail,66800,50,72,1,156.8,5,271,1029353
RB-028,medical,54100,30,168,0,119.7,3,61,2069610
RB-029,office,38300,5,50,0,94.8,3,236,572648
RB-030,warehouse,47700,12,84,0,109.9,2,388,393514
RB-031,office,13300,26,50,0,32.5,1,220,223302
RB-032,office,41000,28,168,0,113.1,2,172,973755
RB-033,office,16800,16,84,0,44.1,1,34,340395
RB-034,office,42900,41,84,1,101.9,2,73,839622
RB-035,warehouse,45000,14,50,0,115.6,5,165,287181
RB-036,retail,77500,53,72,0,180.8,4,179,1784841
RB-037,office,180500,33,168,1,440.1,20,106,4146606
RB-038,office,33000,6,60,0,83.1,3,307,565804
RB-039,warehouse,88000,25,50,0,228.2,6,245,579859
RB-040,retail,58700,12,60,0,146.7,4,176,1041088
RB-041,office,17300,54,168,1,42.4,2,254,382784
RB-042,office,61800,33,72,0,145.7,3,240,968280
RB-043,office,48100,41,84,0,115.7,2,353,886184
RB-044,retail,85100,34,50,1,200.8,4,92,1380113
RB-045,warehouse,46300,6,72,0,113.6,3,166,343260
RB-046,warehouse,33900,33,50,1,82.0,4,94,252838
RB-047,retail,43300,23,72,0,98.7,2,126,948711
RB-048,medical,68800,22,168,0,157.5,3,365,2578675
RB-049,office,20200,14,50,0,53.3,2,187,288199
RB-050,retail,61300,29,168,0,150.2,4,332,1806810
RB-051,retail,20000,20,60,1,52.6,2,154,409470
RB-052,retail,80200,21,60,0,187.3,4,302,1669250
RB-053,warehouse,68300,15,84,0,159.3,7,72,506261
RB-054,retail,27200,55,50,1,68.3,2,203,533666
RB-055,office,40300,46,60,1,101.2,3,77,663436
RB-056,office,88300,20,60,1,222.9,4,340,1209134
RB-057,retail,53300,57,84,0,131.9,3,181,1495297
RB-058,retail,25500,8,168,0,71.5,2,25,643599
RB-059,retail,24600,7,84,0,59.9,1,120,434947
RB-060,office,44400,30,60,0,105.8,3,106,891505
RB-061,office,16900,16,50,0,37.5,1,172,328268
RB-062,medical,29100,53,168,1,73.1,2,95,1153512
RB-063,medical,70300,38,168,1,175.6,4,117,3406964
RB-064,office,15900,38,84,0,40.9,1,278,298220
RB-065,office,33400,58,168,0,86.3,4,92,616030
RB-066,office,31100,10,72,0,76.4,3,399,484427
RB-067,retail,40300,8,50,1,98.0,2,46,552056
RB-068,retail,34600,17,72,1,93.7,2,320,567916
RB-069,retail,134100,17,60,0,316.6,6,249,2753098
RB-070,warehouse,109100,49,84,1,274.0,5,179,734996
RB-071,office,26600,30,60,1,65.4,3,120,452755
RB-072,office,42400,51,60,1,93.2,2,172,513938
RB-073,office,104000,25,72,1,277.7,5,73,1929910
RB-074,office,21300,19,50,1,50.5,2,72,359147
RB-075,warehouse,54200,25,60,0,135.6,2,95,361804
RB-076,office,105600,13,84,0,275.4,5,193,2097243
RB-077,warehouse,105100,46,72,1,260.8,6,214,648945
RB-078,warehouse,43000,30,72,1,107.6,2,185,257371
RB-079,office,19400,44,50,0,48.8,1,77,284679
RB-080,office,47700,2,84,1,121.1,2,212,650255
RB-081,medical,41200,29,168,0,114.5,2,93,1638358
RB-082,office,55200,10,72,1,132.5,6,36,532213
RB-083,medical,58800,37,168,1,140.8,2,28,2203364
RB-084,medical,32600,42,168,1,80.8,2,12,1145454
RB-085,retail,26100,31,72,1,73.4,1,311,566122
RB-086,retail,6900,45,84,1,18.2,1,156,126534
RB-087,warehouse,26800,46,50,0,70.6,1,307,197092
RB-088,office,54300,44,168,0,149.3,7,163,1131630
RB-089,warehouse,76400,7,84,1,200.3,4,116,690516
RB-090,office,61100,22,50,0,152.3,4,243,1330001
RB-091,office,46900,15,72,0,109.3,2,395,704677
RB-092,retail,35800,39,84,0,98.2,2,223,999728
RB-093,office,43400,29,50,0,104.2,2,286,811019
RB-094,office,34900,31,50,0,92.8,2,27,694378
RB-095,retail,39200,48,50,0,100.9,2,372,789613
RB-096,retail,25100,10,72,1,66.0,1,140,453131
RB-097,medical,29800,2,168,1,72.7,1,25,795981
RB-098,office,38600,55,72,1,97.8,3,216,675728
RB-099,retail,85300,2,60,0,199.5,6,37,1771400
RB-100,medical,30800,3,168,0,78.8,2,149,1330136
RB-101,medical,148000,12,168,0,353.0,8,87,5303670
RB-102,medical,33900,15,168,0,81.9,2,45,1162069
RB-103,retail,30000,32,50,0,77.2,2,18,633331
RB-104,office,61600,5,50,0,152.8,3,225,1027595
RB-105,medical,47700,6,168,0,118.8,6,343,1885226
RB-106,medical,64200,14,168,1,168.0,4,246,2102090
RB-107,warehouse,41300,51,50,1,106.1,2,358,295591
RB-108,retail,25500,8,60,0,58.9,1,258,400510
RB-109,office,50000,14,60,1,137.6,2,186,755767
RB-110,retail,12200,44,60,1,31.3,1,31,202616
RB-111,warehouse,44400,54,72,0,128.7,3,108,461031
RB-112,retail,94200,49,84,0,225.6,5,50,1914511
RB-113,medical,41600,40,168,0,106.4,4,348,2387792
RB-114,warehouse,64100,34,72,1,154.6,6,168,413474
RB-115,office,71400,34,60,1,159.0,3,96,994919
RB-116,office,146600,4,72,1,389.1,6,215,1800989
RB-117,warehouse,55100,44,60,1,149.6,5,222,401573
RB-118,warehouse,29600,32,60,0,76.1,2,323,225377
RB-119,warehouse,20700,35,60,1,50.0,1,246,139342
RB-120,warehouse,76500,5,60,1,177.8,7,215,521995
RB-121,medical,82900,44,168,1,194.7,7,116,3211936
RB-122,medical,88400,6,168,0,235.7,5,52,3396723
RB-123,retail,27200,13,60,0,70.9,2,239,424008
RB-124,office,68000,51,60,1,152.9,3,195,1027882
RB-125,medical,34900,34,168,1,94.0,4,226,1272204
RB-126,office,50000,27,168,0,127.2,2,311,1020874
RB-127,warehouse,22600,17,50,0,56.5,2,165,113081
RB-128,medical,35100,51,168,0,82.7,1,336,1627355
RB-129,retail,117600,29,60,0,306.9,5,310,2453311
RB-130,warehouse,36700,32,60,0,96.8,3,272,297162
RB-131,retail,42900,57,60,1,119.0,3,195,1015662
RB-132,office,143900,32,50,0,344.9,9,33,2644983
RB-133,retail,48000,23,72,1,128.0,3,276,841542
RB-134,warehouse,24100,52,168,0,62.2,1,31,265775
RB-135,office,124200,43,50,1,328.2,6,263,1659561
RB-136,office,19500,28,50,0,46.3,1,377,316550
RB-137,office,44100,59,72,1,111.1,2,13,809111
RB-138,warehouse,43900,26,50,1,103.5,5,336,285914
RB-139,office,22300,56,50,0,53.9,1,99,392853
RB-140,office,30600,20,168,0,72.8,3,257,689691
RB-141,retail,20700,25,72,0,50.6,2,230,414503
RB-142,warehouse,39300,17,50,0,97.4,3,122,293340
RB-143,office,27300,40,50,1,69.2,2,257,433601
RB-144,warehouse,95800,13,50,0,224.2,6,47,558415
RB-145,retail,35700,7,72,1,92.2,3,128,601071
RB-146,retail,23000,25,60,1,59.6,1,392,386226
RB-147,office,59400,7,60,0,133.7,3,339,931389
RB-148,warehouse,26900,4,60,0,61.0,2,305,187856
RB-149,retail,65100,7,50,0,152.9,8,11,1051212
RB-150,office,11800,2,168,0,28.9,1,102,212881
RB-151,warehouse,22600,26,50,1,50.0,1,250,146381
RB-152,office,85200,2,50,0,206.9,5,107,1520433
RB-153,retail,36200,19,50,0,88.6,2,356,638797
RB-154,office,102600,3,50,0,257.3,9,398,1384640
RB-155,warehouse,72600,10,50,1,178.1,6,385,329912
RB-156,warehouse,47300,3,72,0,121.2,4,253,421770
RB-157,warehouse,69000,50,60,1,153.3,5,250,602241
RB-158,retail,42300,12,60,1,109.8,2,79,614867
RB-159,office,128100,48,84,1,287.5,11,27,2378144
RB-160,office,14300,6,60,0,34.3,1,266,208520
RB-161,warehouse,80300,21,60,1,206.7,5,384,520901
RB-162,retail,31600,34,84,1,80.0,3,112,734434
RB-163,office,20400,57,50,1,46.3,1,239,373872
RB-164,retail,31900,35,72,0,79.7,1,28,680095
RB-165,retail,48900,33,72,1,129.8,3,156,931278
RB-166,medical,31300,6,168,1,77.9,3,111,991721
RB-167,medical,17800,11,168,0,46.5,1,150,781757
RB-168,office,41500,2,168,0,102.8,3,77,944715
RB-169,office,53900,40,60,0,130.2,3,220,748822
RB-170,warehouse,70400,2,168,0,184.3,3,301,542279
RB-171,office,39300,39,50,1,97.4,2,352,627231
RB-172,office,91600,29,60,0,250.7,6,231,1335830
RB-173,office,31500,30,84,1,79.5,1,136,491752
RB-174,retail,33000,47,168,1,88.9,3,132,729524
RB-175,office,22700,11,60,1,55.2,1,160,257480
RB-176,retail,45300,41,50,1,120.2,2,23,742677
RB-177,warehouse,26500,59,50,1,71.8,2,187,176493
RB-178,warehouse,38900,43,60,0,96.9,2,77,280913
RB-179,office,40400,56,50,0,95.1,2,161,753037
RB-180,office,6900,28,50,1,15.5,1,190,86874
RB-181,office,50800,51,60,0,131.6,3,283,781710
RB-182,office,23600,15,50,1,54.5,2,278,332411
RB-183,office,70500,44,84,1,160.0,3,362,1339399
RB-184,office,24700,38,60,1,65.6,1,75,358284
RB-185,office,39400,12,50,0,102.0,3,98,493155
RB-186,warehouse,50400,14,60,0,121.0,3,140,379007
RB-187,office,38300,21,168,1,93.5,3,196,825967
RB-188,retail,41900,30,50,0,99.8,2,154,790165
RB-189,retail,27500,22,60,1,77.2,1,105,519394
RB-190,retail,41900,24,50,1,99.0,2,66,770330
RB-191,retail,147000,10,168,0,367.2,10,302,4294764
RB-192,medical,55700,11,168,0,139.2,7,64,2388199
RB-193,medical,50300,30,168,1,130.9,3,310,1789293
RB-194,office,72100,53,60,0,176.0,4,163,1338396
RB-195,retail,78100,53,72,0,202.9,4,393,1825438
RB-196,medical,46500,8,168,1,120.7,5,191,1383108
RB-197,warehouse,45300,5,50,1,116.2,4,15,267030
RB-198,office,27300,54,50,0,60.8,2,379,421470
RB-199,office,92500,42,60,0,233.5,9,368,1376096
RB-200,warehouse,59700,54,72,1,157.6,3,350,524091
RB-201,retail,78800,18,60,0,187.5,6,127,1396937
RB-202,retail,26400,29,72,0,69.9,2,118,494763
RB-203,warehouse,15900,45,60,1,39.6,1,161,116202
RB-204,office,35600,39,50,0,91.4,2,171,445890
RB-205,warehouse,63500,47,60,0,176.6,7,74,455964
RB-206,warehouse,23400,58,72,0,57.3,1,269,200937
RB-207,office,17600,26,168,0,39.9,1,183,380018
RB-208,office,25800,6,60,0,65.5,1,258,338872
RB-209,warehouse,8900,53,50,0,19.1,1,203,53608
RB-210,retail,17000,22,60,1,46.0,2,267,334941
RB-211,medical,36500,55,168,0,93.9,3,246,1723799
RB-212,medical,11600,46,168,0,26.3,1,302,438500
RB-213,warehouse,48400,25,72,1,121.2,3,260,349449
RB-214,office,34500,34,50,0,80.8,2,321,436726
RB-215,warehouse,44400,22,84,0,108.4,2,181,373351
RB-216,office,96500,6,60,0,243.6,4,260,1451861
RB-217,medical,48800,54,168,0,118.8,3,16,2613872
RB-218,office,142100,14,50,1,349.0,7,285,1931311
RB-219,office,40000,7,72,0,100.9,4,154,617141
RB-220,medical,39700,34,168,1,89.6,3,138,1842874
RB-221,warehouse,20000,8,84,0,52.3,1,191,135765
RB-222,office,124900,12,72,0,323.4,11,222,2021232
RB-223,office,48700,51,60,1,132.4,3,268,711211
RB-224,medical,21000,25,168,0,51.9,1,85,830866
RB-225,retail,23200,54,84,0,59.6,2,80,622043
RB-226,warehouse,38900,58,50,0,91.9,3,200,292853
RB-227,office,32000,43,60,0,77.1,2,149,473502
RB-228,retail,31200,45,84,0,81.6,4,381,755644
RB-229,medical,81000,40,168,1,199.3,5,185,2688702
RB-230,retail,47000,2,84,1,133.6,5,391,806888
RB-231,warehouse,90900,43,168,1,223.6,4,28,836643
RB-232,office,71600,22,84,0,162.6,4,371,1248703
RB-233,retail,100300,8,60,1,254.3,7,204,1635144
RB-234,office,19700,3,50,1,44.4,2,115,238687
RB-235,office,15800,38,72,0,39.2,1,232,251621
RB-236,medical,39700,52,168,1,113.5,3,320,1258118
RB-237,warehouse,13000,8,168,0,31.5,1,204,120682
RB-238,office,105800,59,168,0,270.0,5,28,2736677
RB-239,retail,34700,31,50,0,80.7,4,156,534883
RB-240,medical,62000,49,168,0,161.6,3,257,2560889
RB-241,retail,14200,31,60,0,32.6,1,125,295083
RB-242,retail,89900,49,60,0,233.2,6,325,2448932
RB-243,retail,46600,42,84,0,114.1,2,386,1044440
RB-244,medical,31000,7,168,0,82.7,3,148,1099938
RB-245,office,67400,47,72,0,164.7,6,18,1207795
RB-246,medical,21400,38,168,0,55.0,1,60,919743
RB-247,office,61600,59,84,0,161.6,4,329,1653429
RB-248,retail,72300,5,60,0,187.0,5,240,1319534
RB-249,office,63200,46,50,1,154.3,3,288,743405
RB-250,office,41800,41,168,0,95.6,3,230,929188
RB-251,office,75600,8,72,0,203.7,4,262,1149433
RB-252,medical,15800,53,168,0,40.3,2,285,733613
RB-253,medical,18100,23,168,0,43.2,2,304,771074
RB-254,office,38000,28,72,1,90.5,2,264,668005
RB-255,office,30300,8,84,1,81.0,1,376,507256
RB-256,office,37400,52,50,1,89.8,3,299,635742
RB-257,warehouse,10600,11,60,0,27.9,1,49,75065
RB-258,office,37700,50,84,1,88.9,2,301,714237
RB-259,office,33900,54,50,1,81.4,2,288,643792
RB-260,retail,47400,29,50,0,127.3,6,378,869412
RB-261,medical,90900,58,168,0,236.5,6,73,4651607
RB-262,retail,146400,20,72,1,347.9,8,88,2180612
RB-263,office,25900,49,60,1,68.9,2,74,429756
RB-264,office,28600,7,60,0,69.9,2,73,386986
RB-265,warehouse,12600,59,72,0,33.2,1,334,116671
RB-266,retail,11700,37,50,1,31.3,1,66,222962
RB-267,medical,27200,42,168,0,76.3,2,201,1259941
RB-268,retail,51100,57,50,0,121.9,6,243,1277592
RB-269,warehouse,12700,40,60,1,31.7,1,208,99950
RB-270,retail,36200,21,60,0,90.7,2,380,655534
RB-271,warehouse,39000,27,168,0,103.7,3,173,428689
RB-272,medical,17800,14,168,1,42.2,1,26,589044
RB-273,retail,64300,18,60,1,158.9,7,215,971652
RB-274,warehouse,21400,6,84,1,55.4,1,131,111262
RB-275,retail,17400,13,84,0,39.3,1,43,340649
RB-276,warehouse,18600,22,50,1,50.9,1,109,105513
RB-277,office,52000,42,50,1,114.6,5,34,747123
RB-278,warehouse,14500,28,60,0,33.5,1,385,92112
RB-279,office,32600,38,72,1,83.8,2,238,596277
RB-280,retail,66000,58,60,0,167.4,4,380,1508215
RB-281,warehouse,42600,55,60,1,97.4,2,50,306182
RB-282,medical,48500,29,168,0,117.6,4,393,2015185
RB-283,retail,37900,28,50,0,103.8,2,25,787448
RB-284,office,92200,20,50,1,238.4,10,128,1234714
RB-285,office,49000,23,50,1,136.1,3,244,728188
RB-286,office,69600,49,50,0,199.4,7,251,1189042
RB-287,retail,51200,47,60,0,126.6,4,372,1025664
RB-288,retail,50300,3,50,1,121.8,3,317,828789
RB-289,office,92500,4,72,0,230.8,4,36,1404133
RB-290,retail,17200,50,72,0,40.4,1,178,354525
RB-291,office,74600,44,60,0,160.4,6,250,951851
RB-292,office,194000,4,60,1,501.5,22,78,2628246
RB-293,retail,40200,29,50,0,104.5,4,10,661289
RB-294,retail,26900,29,60,1,69.2,2,178,488563
RB-295,medical,86400,36,168,1,193.2,4,246,3306225
RB-296,office,123800,20,60,0,288.1,11,304,2002160
RB-297,office,89100,56,60,0,207.0,11,286,1610712
RB-298,retail,46200,17,72,1,124.8,2,138,763931
RB-299,office,125500,58,50,0,324.6,10,103,2290821
RB-300,office,57200,6,84,0,138.9,3,262,1007531
RB-301,medical,33100,43,168,0,81.0,2,59,1324254
RB-302,office,44800,52,50,1,121.9,4,390,724391
RB-303,retail,44700,50,50,0,112.1,4,21,779518
RB-304,warehouse,67300,39,50,1,169.0,3,295,523051
RB-305,retail,87500,30,84,0,201.7,9,219,1675774
RB-306,warehouse,34500,56,60,1,81.8,2,334,192065
RB-307,warehouse,56200,55,72,1,141.3,4,39,335617
RB-308,retail,66600,59,60,0,149.9,3,66,1456844
RB-309,office,73700,30,60,1,184.5,5,69,1062602
RB-310,office,36000,4,84,1,81.2,2,125,598750
RB-311,medical,159200,51,168,0,388.6,8,155,7094292
RB-312,office,108800,51,50,1,305.4,5,214,1487487
RB-313,medical,54700,25,168,1,137.5,3,272,2023593
RB-314,warehouse,18600,49,84,1,42.9,2,141,187582
RB-315,medical,18200,32,168,1,48.0,1,321,557621
RB-316,medical,21800,27,168,0,56.0,1,254,780580
RB-317,office,81200,42,168,0,219.4,5,123,2243018
RB-318,retail,58400,23,50,1,155.5,3,170,866011
RB-319,medical,19800,13,168,0,44.4,2,59,882151
RB-320,medical,20100,7,168,0,49.1,1,374,908578
RB-321,warehouse,67700,16,50,0,171.3,4,170,495763
RB-322,medical,30200,42,168,0,80.0,2,230,1285819
RB-323,retail,42200,27,72,0,114.0,3,94,872546
RB-324,retail,75900,21,50,1,192.6,4,179,1070333
RB-325,office,30200,43,60,1,72.2,2,253,503621
RB-326,office,102900,34,60,1,248.5,4,141,1398722
RB-327,retail,13800,53,72,0,32.4,2,275,271071
RB-328,warehouse,23200,55,50,1,55.0,2,330,163115
RB-329,retail,141800,27,72,0,339.0,7,384,2460434
RB-330,warehouse,41000,53,50,0,108.9,2,183,330488
RB-331,office,28500,15,50,0,69.2,1,385,361348
RB-332,medical,100000,5,168,1,250.0,7,350,4204157
RB-333,office,60200,32,168,1,159.2,4,388,1277789
RB-334,medical,20000,2,168,0,55.3,1,35,672817
RB-335,office,22100,20,72,1,59.0,1,321,333328
RB-336,warehouse,28500,48,72,1,72.4,2,51,186400
RB-337,medical,216100,46,168,0,488.8,11,308,9863798
RB-338,warehouse,35900,3,72,1,91.8,3,206,177758
RB-339,office,86400,45,60,0,200.2,5,123,1602539
RB-340,warehouse,89200,47,72,1,242.9,5,190,594564
RB-341,office,14500,45,50,1,35.6,1,217,187862
RB-342,medical,22600,52,168,0,58.8,1,227,836444
RB-343,retail,205100,11,60,0,539.4,9,69,4011546
RB-344,medical,51700,56,168,1,143.2,3,349,1778219
RB-345,medical,72100,53,168,0,191.8,9,338,3754112
RB-346,medical,167900,23,168,0,442.3,18,135,6641639
RB-347,office,15900,3,60,0,42.5,1,333,302386
RB-348,office,87300,30,60,0,217.7,4,17,1871249
RB-349,retail,59800,34,60,0,151.9,6,151,1535557
RB-350,medical,24800,9,168,0,64.2,1,125,820302
RB-351,medical,73800,31,168,0,175.3,6,16,2949161
RB-352,office,20500,33,50,0,50.9,2,320,365768
RB-353,medical,42700,47,168,0,105.3,5,388,1487489
RB-354,medical,45400,9,168,1,110.2,2,248,1455578
RB-355,office,63600,30,72,0,156.0,6,170,1104325
RB-356,warehouse,15400,3,50,1,36.7,1,342,69249
RB-357,office,49300,34,60,0,139.0,3,98,778234
RB-358,retail,32100,48,60,1,90.0,2,138,547347
RB-359,warehouse,31300,36,168,0,79.0,2,10,305122
RB-360,warehouse,18800,19,84,1,46.1,1,309,141911
RB-361,medical,78200,53,168,0,195.8,7,342,3974951
RB-362,office,34300,27,50,1,81.4,3,288,393796
RB-363,office,39500,46,84,0,101.2,2,204,735763
RB-364,medical,27100,3,168,0,66.5,2,398,933954
RB-365,office,52100,33,60,1,119.1,3,294,850660
RB-366,retail,99800,39,60,1,261.0,6,307,1856676
RB-367,office,33400,19,60,1,84.2,2,259,488501
RB-368,retail,68500,26,50,1,153.2,5,59,1221136
RB-369,warehouse,79300,11,72,0,193.1,4,381,589455
RB-370,warehouse,66600,46,50,0,184.2,6,380,474808
RB-371,medical,51100,11,168,0,142.1,6,236,2068142
RB-372,retail,32000,38,84,0,79.0,2,40,639228
RB-373,retail,193600,32,168,0,452.8,14,142,6014741
RB-374,retail,94400,5,72,1,208.5,5,291,1344923
RB-375,warehouse,15400,29,60,0,37.5,1,296,86197
RB-376,medical,93100,42,168,1,224.1,5,286,3207566
RB-377,retail,92200,49,168,1,220.9,6,179,2222760
RB-378,office,80500,29,72,0,210.5,5,43,1348130
RB-379,office,86700,15,84,0,209.8,5,368,1702603
RB-380,office,48100,11,72,0,125.2,5,94,539914
RB-381,office,99600,40,72,0,247.5,5,40,2469926
RB-382,warehouse,45800,39,60,0,114.1,2,38,347338
RB-383,office,33900,7,50,0,87.0,2,144,513257
RB-384,retail,45600,48,60,1,115.7,4,245,887114
RB-385,retail,75900,7,50,1,190.9,5,333,1094197
RB-386,office,62600,16,50,0,153.8,3,288,873988
RB-387,office,18400,54,72,1,48.4,1,258,353102
RB-388,office,29200,47,60,1,67.3,1,42,494476
RB-389,retail,23300,14,72,0,57.1,2,378,548663
RB-390,office,23700,14,50,1,58.7,2,215,304846
RB-391,medical,70800,29,168,1,159.3,7,332,2198550
RB-392,retail,63700,12,72,0,147.0,3,369,1516845
RB-393,office,125500,5,72,0,319.9,12,243,1666290
RB-394,warehouse,30300,40,72,1,77.6,2,195,197391
RB-395,warehouse,43100,19,50,1,100.5,4,79,203350
RB-396,office,18300,29,60,1,43.8,1,344,231325
RB-397,retail,16500,6,72,0,43.2,1,180,298434
RB-398,office,31300,8,60,1,74.9,2,21,541908
RB-399,office,10200,2,72,1,25.1,1,238,127820
RB-400,retail,126600,57,72,0,321.9,6,15,2596235
RB-401,retail,75900,6,50,0,195.6,3,306,1379724
RB-402,medical,69900,31,168,1,174.8,4,330,2986659
RB-403,medical,50900,25,168,0,122.8,3,46,1918373
RB-404,retail,46500,22,72,1,113.3,2,357,778994
RB-405,retail,90000,50,60,1,230.0,4,318,2191763
RB-406,medical,37900,25,168,1,86.4,4,69,1721599
RB-407,office,82800,26,50,1,194.9,4,196,1197953
RB-408,retail,17700,53,84,1,42.1,2,339,347168
RB-409,retail,66300,10,72,0,166.7,8,256,1471098
RB-410,medical,57400,37,168,0,140.8,5,276,3026298
RB-411,retail,73300,25,168,1,200.0,3,304,1733899
RB-412,retail,58600,9,72,0,162.4,2,205,975181
RB-413,office,50200,8,72,0,117.1,4,300,734783
RB-414,office,68600,24,84,1,164.5,3,184,1255100
RB-415,retail,6600,57,60,1,16.0,1,306,115975
RB-416,office,104600,8,50,0,260.9,5,221,1528346
RB-417,medical,60600,57,168,1,155.6,3,152,1912285
RB-418,office,42800,31,60,1,94.3,3,226,594876
RB-419,retail,43800,33,84,0,113.2,2,187,1043818
RB-420,warehouse,48100,16,60,1,125.5,5,67,292933
