avg_temp_f,kwh
35.7,6781
71.5,5756
74.6,6431
53.4,6487
38.0,6115
24.0,5739
32.8,6439
24.7,6614
85.2,7668
77.0,6635
41.6,5801
72.0,6262
33.3,6355
45.6,6186
93.6,9850
79.8,6052
42.1,6527
61.2,5798
36.8,6139
89.5,8844
51.9,6043
78.7,6776
92.3,9505
69.5,6299
20.9,5850
52.7,6304
68.3,5662
66.4,6014
75.0,6159
82.3,7825
37.7,6450
29.6,6797
38.5,6506
30.7,6387
77.4,6292
23.1,6254
57.4,6259
82.8,7050
78.2,6538
54.5,6174
28.0,6273
69.5,6516
73.6,6203
67.3,5952
61.5,5968
21.3,5742
51.7,6237
74.5,6302
63.4,5246
72.4,6040
