tray_id,nutrient_ml,room_temp_c,rel_humidity_pct,rack_position_m,seed_g,seed_lot_age_days,harvest_g
PR-0001,42.1,23.6,59,15.3,32.5,34,380.2
PR-0002,5.4,17.3,89,7.6,18.2,25,238.9
PR-0003,13.2,16.0,84,28.9,22.1,98,299.5
PR-0004,6.8,20.1,75,39.2,18.3,168,278.4
PR-0005,18.7,26.1,65,19.6,29.6,178,354.0
PR-0006,95.8,16.2,99,32.6,18.2,66,284.5
PR-0007,74.6,30.7,36,35.7,19.6,126,241.7
PR-0008,11.9,26.4,47,25.0,23.8,54,284.7
PR-0009,15.8,19.9,79,24.9,18.4,12,263.1
PR-0010,4.5,17.0,76,27.6,20.2,64,244.9
PR-0011,8.5,19.9,68,35.3,18.5,49,263.7
PR-0012,27.4,30.7,47,40.3,31.5,159,245.4
PR-0013,8.5,22.2,65,33.9,29.3,57,327.0
PR-0014,3.5,30.5,33,29.6,31.4,130,244.2
PR-0015,23.5,24.6,67,2.9,22.3,94,377.2
PR-0016,5.3,25.0,49,32.9,22.2,126,267.1
PR-0017,35.9,26.2,49,43.2,24.5,89,312.1
PR-0018,67.5,22.7,62,37.9,23.2,172,380.4
PR-0019,11.3,29.2,42,9.7,26.7,49,300.0
PR-0020,65.5,17.3,98,12.9,24.2,173,358.8
PR-0021,17.8,28.6,53,7.9,34.0,178,335.0
PR-0022,66.0,27.4,48,12.7,30.4,27,410.4
PR-0023,53.8,28.8,31,18.5,21.8,20,307.7
PR-0024,8.7,17.9,88,21.6,27.8,8,320.2
PR-0025,89.8,28.5,49,40.5,31.4,45,345.5
PR-0026,37.0,19.5,79,5.6,29.1,5,398.4
PR-0027,4.1,19.9,75,24.2,21.7,58,269.5
PR-0028,11.7,22.9,60,16.0,27.2,141,339.2
PR-0029,11.5,20.6,76,16.5,21.7,173,306.5
PR-0030,3.0,25.4,52,25.7,24.2,58,259.6
PR-0031,2.0,21.6,69,14.8,23.1,119,286.5
PR-0032,62.5,24.1,71,28.8,23.9,176,385.0
PR-0033,13.6,30.7,42,32.3,22.4,15,222.8
PR-0034,39.4,25.1,58,4.3,23.6,45,383.2
PR-0035,60.3,30.9,33,24.8,28.3,20,275.4
PR-0036,4.4,27.0,47,33.8,19.0,52,221.0
PR-0037,11.0,27.3,48,6.6,25.6,84,302.4
PR-0038,2.4,29.3,36,43.5,33.7,104,246.5
PR-0039,16.8,18.8,77,15.2,19.9,154,273.0
PR-0040,38.0,19.2,80,48.5,23.4,97,318.6
PR-0041,4.9,30.5,41,31.5,28.0,51,216.4
PR-0042,72.0,28.5,40,8.2,22.6,72,300.1
PR-0043,8.5,29.8,29,18.2,28.9,28,274.7
PR-0044,4.1,25.7,45,40.1,20.7,95,223.5
PR-0045,25.7,19.2,73,0.1,30.9,129,371.3
PR-0046,37.8,29.5,30,32.4,26.9,176,269.7
PR-0047,22.9,29.0,48,20.5,29.1,71,336.7
PR-0048,9.5,25.2,50,21.0,30.9,46,362.8
PR-0049,23.7,25.2,50,48.4,22.5,137,302.2
PR-0050,58.5,23.4,66,12.2,31.7,38,420.6
PR-0051,4.9,26.9,52,43.1,22.3,119,225.1
PR-0052,60.3,18.6,77,23.0,24.2,109,344.4
PR-0053,2.6,17.0,91,33.6,24.3,6,201.1
PR-0054,15.8,27.0,52,1.8,26.4,28,357.3
PR-0055,2.1,27.1,44,10.5,30.0,159,306.0
PR-0056,5.4,23.4,54,37.7,25.5,101,327.5
PR-0057,8.9,28.7,39,42.2,26.0,75,244.2
PR-0058,22.5,28.1,44,24.2,26.7,27,281.8
PR-0059,33.6,20.9,72,8.9,19.1,108,344.7
PR-0060,4.2,17.2,75,43.9,30.6,103,276.7
PR-0061,2.4,21.4,73,18.2,22.9,79,274.5
PR-0062,56.6,26.4,47,13.9,25.6,39,350.6
PR-0063,25.6,16.7,87,4.1,26.3,26,329.5
PR-0064,65.9,23.5,69,26.4,30.7,21,398.1
PR-0065,4.8,30.8,52,36.1,31.7,147,228.6
PR-0066,21.7,23.2,49,43.3,29.0,58,349.3
PR-0067,86.4,23.1,47,0.9,23.2,81,410.4
PR-0068,24.1,17.5,95,40.7,20.1,106,244.3
PR-0069,87.2,24.4,64,11.4,18.1,173,369.6
PR-0070,5.4,19.3,74,10.4,28.3,19,348.8
PR-0071,41.9,22.9,76,9.3,26.2,178,386.5
PR-0072,12.5,24.5,57,47.8,21.9,82,298.9
PR-0073,5.1,22.7,50,38.4,19.3,94,298.6
PR-0074,3.6,28.1,45,37.0,28.9,53,291.3
PR-0075,4.7,20.5,79,12.1,25.5,155,316.5
PR-0076,35.7,27.9,59,29.5,33.4,119,363.8
PR-0077,11.0,24.1,52,45.2,24.2,137,299.4
PR-0078,32.0,25.5,53,18.7,27.1,167,370.6
PR-0079,86.8,26.1,51,9.0,33.0,57,424.2
PR-0080,3.4,22.9,50,28.1,29.0,53,330.9
PR-0081,51.2,22.6,81,17.9,21.6,173,379.0
PR-0082,4.5,16.5,91,12.0,19.2,165,260.3
PR-0083,2.3,18.8,76,18.5,19.2,124,254.6
PR-0084,35.3,28.4,55,13.3,28.1,85,341.4
PR-0085,7.0,26.6,41,48.8,27.3,167,273.8
PR-0086,22.6,20.7,66,6.8,20.1,109,321.5
PR-0087,13.9,19.1,83,18.4,20.5,89,314.1
PR-0088,2.1,24.6,65,34.7,27.8,25,255.7
PR-0089,8.8,24.1,46,14.3,34.0,94,363.1
PR-0090,8.0,27.0,46,11.9,28.6,81,353.0
PR-0091,42.8,23.4,67,34.3,30.7,73,379.3
PR-0092,16.4,27.5,42,0.2,29.3,157,333.0
PR-0093,8.5,16.4,99,43.1,23.2,142,259.5
PR-0094,7.4,23.5,65,20.2,24.1,146,335.4
PR-0095,5.5,22.0,74,14.6,28.3,147,318.5
PR-0096,3.1,17.9,72,25.0,31.6,63,273.3
PR-0097,18.3,20.8,74,25.9,30.8,91,362.7
PR-0098,58.8,22.3,68,45.3,19.1,32,350.7
PR-0099,3.5,18.7,74,23.3,24.0,8,271.0
PR-0100,76.0,21.0,63,50.0,32.1,75,397.9
PR-0101,29.0,30.3,36,30.1,19.1,50,239.2
PR-0102,27.8,20.5,74,2.4,23.8,111,396.1
PR-0103,27.3,25.4,41,5.7,23.8,117,351.3
PR-0104,48.1,26.8,51,33.3,23.2,101,309.7
PR-0105,8.2,18.6,78,12.9,27.4,144,327.4
PR-0106,9.5,21.7,59,2.8,29.1,115,402.3
PR-0107,14.8,28.9,49,22.1,21.4,124,268.4
PR-0108,46.0,16.2,93,2.7,30.2,89,379.1
PR-0109,12.3,23.2,53,35.2,29.2,48,366.9
PR-0110,7.3,16.4,86,33.3,25.4,138,246.8
PR-0111,34.1,25.3,60,26.7,19.7,138,345.4
PR-0112,61.4,27.8,33,24.5,28.8,127,335.3
PR-0113,17.5,29.1,34,4.6,18.3,77,238.0
PR-0114,3.4,30.0,37,9.3,25.4,87,209.9
PR-0115,3.9,23.0,64,22.0,28.6,150,342.5
PR-0116,96.6,17.3,89,1.3,33.4,169,436.1
PR-0117,13.7,24.3,62,40.9,31.6,33,328.6
PR-0118,2.6,26.0,66,3.4,23.0,87,283.5
PR-0119,27.1,28.3,52,37.2,28.0,147,321.5
PR-0120,9.1,26.9,52,11.4,28.0,157,338.8
PR-0121,31.2,30.4,35,26.6,29.3,77,282.3
PR-0122,11.2,26.3,52,15.3,18.7,121,269.9
PR-0123,43.7,20.0,74,25.9,33.6,53,395.0
PR-0124,11.6,25.5,62,12.8,22.2,61,324.8
PR-0125,74.0,18.9,70,13.3,27.1,93,408.8
PR-0126,52.9,22.7,65,36.7,25.9,64,367.9
PR-0127,13.9,19.5,76,23.2,31.0,54,365.6
PR-0128,3.5,20.9,77,49.0,29.1,67,266.4
PR-0129,55.3,19.3,78,8.7,32.3,33,419.3
PR-0130,7.5,17.2,88,6.0,30.6,154,326.1
PR-0131,3.5,30.9,35,24.0,32.3,128,204.5
PR-0132,2.1,30.2,48,31.5,27.3,82,188.6
PR-0133,59.7,23.7,55,44.4,25.7,123,365.0
PR-0134,3.6,28.7,33,38.9,20.8,104,231.7
PR-0135,53.3,29.6,37,0.9,31.8,179,347.5
PR-0136,12.4,25.2,61,15.6,19.0,160,274.9
PR-0137,13.1,16.7,99,2.5,27.2,92,350.1
PR-0138,15.5,29.7,41,33.8,21.9,112,229.5
PR-0139,2.9,21.5,70,48.0,22.6,158,262.2
PR-0140,13.6,19.0,83,1.1,24.5,161,327.7
PR-0141,66.4,22.2,57,12.7,33.9,160,447.7
PR-0142,3.6,22.0,55,5.0,23.1,79,331.7
PR-0143,3.8,18.3,81,19.2,26.3,11,292.4
PR-0144,12.7,19.0,94,19.2,24.7,135,339.0
PR-0145,50.2,18.3,87,37.5,26.6,43,368.7
PR-0146,39.1,28.6,40,17.4,25.6,36,314.5
PR-0147,42.1,29.0,49,48.4,25.6,8,290.0
PR-0148,14.6,16.5,93,9.1,20.9,117,238.9
PR-0149,8.2,28.0,54,36.5,28.6,21,319.2
PR-0150,3.3,28.0,43,38.6,23.8,57,234.9
PR-0151,19.8,30.3,43,29.4,27.5,100,282.3
PR-0152,51.3,18.9,86,22.4,21.7,77,352.0
PR-0153,47.5,27.9,32,0.0,33.1,144,385.5
PR-0154,8.2,18.2,80,5.0,33.3,149,355.3
PR-0155,5.9,18.0,92,25.9,22.4,149,262.1
PR-0156,95.9,30.0,39,20.2,23.4,54,329.4
PR-0157,20.5,25.9,74,34.0,28.0,12,319.7
PR-0158,60.6,16.9,73,1.3,24.5,72,352.1
PR-0159,24.5,22.8,65,39.0,32.6,148,388.4
PR-0160,11.4,29.4,40,19.5,19.6,113,242.2
PR-0161,82.3,20.8,74,8.0,24.8,135,393.4
PR-0162,33.8,23.8,62,4.0,21.1,88,353.7
PR-0163,16.0,19.3,66,8.9,19.6,13,319.0
PR-0164,9.0,27.4,53,1.5,19.0,83,289.3
PR-0165,4.7,25.4,52,23.0,22.3,116,257.4
PR-0166,6.9,17.7,84,5.3,29.9,149,316.5
PR-0167,13.9,25.1,62,44.2,20.4,63,290.7
PR-0168,2.3,29.1,40,2.0,32.8,175,313.4
PR-0169,13.9,23.1,68,5.4,20.3,79,319.1
PR-0170,4.8,21.5,66,46.7,25.0,34,294.1
PR-0171,74.7,26.2,50,20.6,33.3,67,432.0
PR-0172,3.9,17.9,92,7.9,24.7,149,265.2
PR-0173,26.8,30.2,42,34.6,25.7,167,251.5
PR-0174,5.1,21.4,63,10.5,19.4,136,306.3
PR-0175,24.8,26.4,44,5.8,24.5,178,319.6
PR-0176,4.2,19.6,80,44.8,25.6,106,278.2
PR-0177,14.0,22.4,57,10.0,29.1,95,398.4
PR-0178,15.9,19.6,72,0.9,24.6,118,353.2
PR-0179,11.2,27.3,46,49.9,32.9,58,304.1
PR-0180,68.7,22.1,66,49.3,24.7,160,365.9
PR-0181,25.7,20.5,68,14.3,21.7,59,323.4
PR-0182,32.0,29.6,31,28.8,30.4,152,309.9
PR-0183,6.8,25.0,56,46.2,18.9,172,281.4
PR-0184,63.9,20.4,74,12.5,30.7,131,415.8
PR-0185,9.6,18.8,76,6.5,25.4,164,318.0
PR-0186,40.2,23.7,67,36.9,26.9,62,362.3
PR-0187,10.1,16.6,83,47.2,18.5,25,226.9
PR-0188,2.4,25.5,61,2.1,20.6,67,275.5
PR-0189,4.7,23.3,68,40.6,31.8,136,332.1
PR-0190,4.7,23.2,61,9.2,30.7,170,375.0
PR-0191,5.2,21.2,80,21.2,27.7,70,328.1
PR-0192,4.5,24.3,54,22.5,19.4,154,263.7
PR-0193,81.5,24.3,58,6.5,24.9,97,376.2
PR-0194,17.4,25.8,56,21.4,22.1,36,326.8
PR-0195,54.1,20.8,74,23.4,19.4,76,339.6
PR-0196,37.1,26.0,63,17.5,22.8,167,328.3
PR-0197,20.6,17.4,87,14.3,26.1,5,310.0
PR-0198,2.7,22.4,59,5.9,25.4,112,306.8
PR-0199,31.7,21.5,59,43.4,19.8,158,313.7
PR-0200,43.9,25.0,61,38.7,27.5,63,374.1
PR-0201,7.4,17.5,82,2.3,21.7,9,301.1
PR-0202,3.0,23.8,55,3.1,24.6,153,343.9
PR-0203,9.0,26.4,55,1.1,18.6,164,304.3
PR-0204,46.4,17.7,84,13.3,19.2,124,324.5
PR-0205,3.6,29.5,39,19.8,18.2,30,196.7
PR-0206,60.8,28.6,48,10.2,21.9,131,327.9
PR-0207,4.1,25.1,64,6.7,32.6,14,326.9
PR-0208,9.3,26.2,46,22.1,33.7,38,363.2
PR-0209,8.5,25.4,59,5.6,18.2,180,290.8
PR-0210,4.4,16.1,96,28.9,25.5,65,242.8
PR-0211,15.2,19.4,68,12.7,22.0,42,341.7
PR-0212,6.3,16.9,83,25.7,29.5,154,285.3
PR-0213,10.9,29.4,43,21.3,21.1,143,269.8
PR-0214,5.0,27.2,49,16.4,27.8,43,268.9
PR-0215,18.6,18.5,85,28.2,26.8,45,341.4
PR-0216,2.3,28.1,48,27.9,27.7,148,258.7
PR-0217,6.8,25.3,56,34.4,18.2,76,240.6
PR-0218,35.1,21.5,58,40.2,33.3,68,379.9
PR-0219,7.8,25.2,45,41.1,29.2,9,289.1
PR-0220,11.0,28.0,64,22.2,28.5,161,292.9
PR-0221,16.6,23.9,66,31.4,28.5,174,338.5
PR-0222,34.4,29.8,45,43.8,22.0,47,240.6
PR-0223,31.3,24.3,61,49.2,21.3,147,284.9
PR-0224,75.5,19.0,77,27.5,24.8,102,352.4
PR-0225,62.3,21.4,78,15.6,31.9,105,385.9
PR-0226,45.0,18.0,84,48.7,34.0,42,370.4
PR-0227,2.1,21.3,70,22.0,24.8,85,288.7
PR-0228,43.9,24.2,63,1.8,19.2,17,366.0
PR-0229,22.9,26.3,59,28.9,30.0,168,378.1
PR-0230,28.5,18.2,82,43.9,19.5,25,272.8
PR-0231,13.4,22.6,76,42.9,31.0,46,328.6
PR-0232,10.6,26.6,37,26.6,19.8,168,273.0
PR-0233,12.9,17.5,80,8.4,23.1,31,326.8
PR-0234,4.2,18.3,92,14.7,21.6,42,268.6
PR-0235,3.4,21.1,67,19.5,26.4,45,300.2
PR-0236,21.4,17.9,78,36.4,21.2,105,296.7
PR-0237,4.3,24.6,56,9.9,31.9,123,376.6
PR-0238,8.2,23.7,57,20.3,33.7,9,386.6
PR-0239,24.9,22.8,47,4.0,29.3,172,430.7
PR-0240,5.3,30.7,44,25.9,32.7,77,217.2
PR-0241,51.4,18.1,75,22.6,26.5,32,357.3
PR-0242,6.4,31.0,36,12.4,33.8,160,271.1
PR-0243,42.2,29.2,52,42.5,25.0,121,267.4
PR-0244,32.3,30.5,30,0.9,25.4,5,274.2
PR-0245,74.7,30.9,46,21.0,25.9,66,277.4
PR-0246,19.2,24.9,63,39.8,32.1,148,355.7
PR-0247,14.4,29.8,37,10.5,32.3,159,309.2
PR-0248,3.7,24.4,55,9.4,26.3,46,302.3
PR-0249,21.2,26.5,42,18.9,26.1,47,352.0
PR-0250,41.3,26.2,51,3.6,32.7,103,417.0
PR-0251,33.5,29.8,33,31.1,19.7,44,227.5
PR-0252,6.0,26.5,47,29.4,33.8,160,355.4
PR-0253,40.9,28.8,46,40.7,29.1,116,308.7
PR-0254,63.0,19.3,76,26.7,26.7,67,382.9
PR-0255,36.5,25.3,57,22.2,33.1,165,387.1
PR-0256,38.6,30.7,53,12.4,29.5,9,317.2
PR-0257,5.3,25.1,54,18.9,21.0,139,295.5
PR-0258,12.9,29.8,45,20.9,31.8,150,312.1
PR-0259,62.9,21.9,77,2.7,31.6,123,448.2
PR-0260,9.9,25.5,62,16.0,22.8,171,309.3
PR-0261,33.9,20.1,66,48.3,31.1,20,348.3
PR-0262,7.9,17.4,71,14.6,18.7,10,242.4
PR-0263,81.6,23.6,53,48.0,18.9,148,340.3
PR-0264,22.4,19.6,89,49.5,22.5,12,291.7
PR-0265,12.4,17.0,87,0.8,21.9,39,286.4
PR-0266,3.5,23.9,67,35.3,28.3,97,305.6
PR-0267,11.7,30.5,32,20.7,25.5,158,265.4
PR-0268,6.5,20.6,59,42.2,30.5,100,286.0
PR-0269,14.3,27.8,31,26.8,25.7,154,286.0
PR-0270,3.4,30.8,33,6.6,31.6,171,234.0
PR-0271,2.8,18.2,79,5.6,21.0,118,251.9
PR-0272,13.5,26.3,49,36.3,30.9,8,341.9
PR-0273,4.3,30.8,44,8.0,19.9,134,160.3
PR-0274,24.9,17.4,84,6.8,26.3,127,342.2
PR-0275,13.8,21.9,61,46.1,21.6,23,328.6
PR-0276,5.7,25.0,56,12.7,30.1,6,337.2
PR-0277,17.6,28.2,44,50.0,21.3,113,238.3
PR-0278,6.5,27.9,51,34.5,32.7,93,312.0
PR-0279,19.0,26.5,37,2.0,29.1,126,368.8
PR-0280,32.2,17.2,80,24.5,20.7,25,309.6
PR-0281,12.1,22.1,63,37.7,20.6,24,303.1
PR-0282,10.1,28.4,28,10.0,30.7,17,289.6
PR-0283,11.1,17.9,84,17.4,33.3,54,347.9
PR-0284,5.4,28.3,45,17.2,26.3,115,270.9
PR-0285,10.8,30.6,36,4.8,24.9,97,231.0
PR-0286,43.8,24.7,53,33.0,22.6,44,320.4
PR-0287,68.2,25.3,55,34.2,23.2,111,361.8
PR-0288,58.9,26.1,53,15.5,30.9,180,376.6
PR-0289,2.5,23.0,67,27.2,29.6,32,322.3
PR-0290,43.5,25.9,45,18.7,30.4,157,390.8
PR-0291,3.3,26.8,65,44.0,23.7,15,276.2
PR-0292,27.7,18.0,80,40.4,28.9,63,320.1
PR-0293,2.7,19.3,76,47.2,28.8,104,288.4
PR-0294,6.6,27.9,51,8.7,30.6,130,283.7
PR-0295,12.6,23.8,73,46.7,24.8,179,318.9
PR-0296,45.1,25.6,49,12.1,21.3,134,366.3
PR-0297,6.2,25.2,61,18.8,30.0,31,326.6
PR-0298,18.1,30.1,35,38.0,28.3,117,272.6
PR-0299,4.7,18.3,92,36.3,33.6,140,322.7
PR-0300,9.9,19.3,69,43.5,28.4,180,320.6
PR-0301,2.1,19.5,72,29.9,24.1,128,266.7
PR-0302,19.0,30.0,39,13.8,27.7,130,291.4
PR-0303,18.8,21.0,63,17.3,20.0,45,310.7
PR-0304,24.4,19.0,70,18.2,19.0,112,330.1
PR-0305,3.4,23.2,62,41.4,23.8,69,260.2
PR-0306,27.7,17.5,89,10.0,29.3,74,377.8
PR-0307,8.1,24.4,52,34.0,18.6,18,240.0
PR-0308,61.3,29.5,41,18.5,20.8,120,299.7
PR-0309,3.2,22.3,69,23.6,27.9,154,324.7
PR-0310,12.7,23.3,59,21.6,29.4,159,371.4
PR-0311,2.0,21.8,68,47.8,30.2,27,295.1
PR-0312,7.1,23.9,47,43.1,29.2,102,298.5
PR-0313,7.4,27.3,50,17.0,27.7,56,291.8
PR-0314,2.2,25.8,44,28.3,23.1,53,279.5
PR-0315,18.3,17.7,82,1.5,31.7,105,372.6
PR-0316,2.4,23.9,53,3.7,24.2,130,329.5
PR-0317,76.4,23.2,56,49.1,19.3,97,309.1
PR-0318,22.1,16.1,86,10.0,27.8,71,322.3
PR-0319,95.7,22.6,69,14.8,26.2,96,387.4
PR-0320,4.4,17.2,76,22.7,26.8,17,265.2
PR-0321,6.7,17.3,82,43.8,33.4,113,294.8
PR-0322,63.2,27.0,47,25.4,23.3,15,324.1
PR-0323,32.3,20.3,74,8.8,27.3,170,383.8
PR-0324,26.2,18.8,86,9.7,33.0,62,397.8
PR-0325,7.5,17.5,92,48.7,20.0,9,230.8
PR-0326,65.6,18.1,75,14.4,33.4,77,411.0
PR-0327,2.1,29.7,42,2.1,29.8,30,275.1
PR-0328,4.7,28.7,40,0.9,20.4,16,229.5
PR-0329,38.5,28.7,43,31.8,25.8,144,283.1
PR-0330,14.5,30.6,42,49.6,30.7,95,249.8
PR-0331,82.5,28.2,42,41.8,19.0,96,258.7
PR-0332,9.2,28.7,34,1.8,25.1,157,285.3
PR-0333,16.0,16.7,92,30.5,32.4,151,326.0
PR-0334,11.2,18.2,64,49.0,21.5,87,245.7
PR-0335,67.0,24.9,63,11.0,24.7,142,412.1
PR-0336,21.7,19.9,78,26.7,19.2,33,304.3
PR-0337,10.9,26.3,50,16.6,28.9,137,332.6
PR-0338,18.8,19.8,70,19.5,30.3,138,372.5
PR-0339,43.1,20.3,71,9.4,22.0,114,378.0
PR-0340,6.0,20.7,74,43.5,31.0,177,294.7
PR-0341,5.7,30.8,46,37.6,31.7,8,246.9
PR-0342,74.2,26.3,53,7.0,21.8,71,328.1
PR-0343,77.7,29.1,35,33.6,23.0,98,233.5
PR-0344,17.3,29.4,54,42.8,19.1,149,219.8
PR-0345,67.2,25.3,52,23.0,27.8,75,386.8
PR-0346,56.2,27.0,57,4.6,23.6,163,342.3
PR-0347,3.8,27.5,49,45.0,30.2,18,273.7
PR-0348,22.7,20.8,80,48.0,28.1,33,360.4
PR-0349,8.1,28.5,50,30.0,24.8,161,278.2
PR-0350,3.3,23.9,64,1.5,33.1,87,367.6
PR-0351,26.6,21.2,76,33.4,27.6,74,336.3
PR-0352,16.1,22.3,67,42.6,24.4,33,322.0
PR-0353,25.9,26.9,53,19.3,27.4,103,365.6
PR-0354,16.4,16.0,99,1.4,30.5,69,339.4
PR-0355,16.4,28.4,33,28.4,29.6,170,357.7
PR-0356,4.0,16.1,94,48.6,22.4,38,199.5
PR-0357,8.3,27.5,45,29.0,23.5,172,294.0
PR-0358,9.7,19.9,77,36.4,21.2,27,303.1
PR-0359,5.1,25.6,52,16.2,28.3,16,328.0
PR-0360,5.5,21.4,59,45.6,24.8,162,303.3
PR-0361,71.5,17.0,84,48.5,18.9,117,286.6
PR-0362,7.5,23.3,67,31.9,24.0,55,278.9
PR-0363,6.0,20.2,69,48.7,27.9,81,288.7
PR-0364,18.6,26.7,45,13.8,29.3,13,346.7
PR-0365,66.4,20.6,80,38.1,23.0,21,379.9
PR-0366,24.8,26.6,53,8.4,18.5,164,321.6
PR-0367,15.8,21.4,54,17.5,21.6,30,334.3
PR-0368,10.3,22.2,61,2.0,29.9,64,388.9
PR-0369,2.3,21.1,69,39.0,32.6,18,313.1
PR-0370,2.1,17.9,76,26.6,25.9,84,263.7
PR-0371,6.8,17.6,77,32.6,22.0,40,228.2
PR-0372,6.8,23.1,61,22.6,18.8,175,283.7
PR-0373,8.3,21.6,70,19.9,25.4,73,362.6
PR-0374,9.4,28.3,34,32.2,28.1,172,264.6
PR-0375,19.1,18.8,78,5.3,26.6,31,341.5
PR-0376,28.5,23.5,64,13.0,21.4,134,373.8
PR-0377,12.8,30.3,27,5.4,25.2,180,268.3
PR-0378,20.2,19.3,61,37.8,29.2,167,366.5
PR-0379,4.6,26.5,49,16.9,21.7,179,234.9
PR-0380,50.0,23.7,72,42.4,25.0,162,345.4
PR-0381,25.7,17.7,85,30.6,28.6,100,336.1
PR-0382,4.3,29.8,40,32.1,33.2,145,237.4
PR-0383,66.2,28.5,43,7.6,27.2,80,350.4
PR-0384,15.3,19.1,67,0.6,26.3,166,359.5
PR-0385,5.3,16.5,96,15.6,33.6,70,284.9
PR-0386,2.2,27.7,46,27.6,18.3,91,209.5
PR-0387,16.8,27.7,49,11.0,25.1,5,322.0
PR-0388,70.0,24.2,62,44.0,23.8,7,370.3
PR-0389,42.8,20.2,69,27.2,30.2,106,400.3
PR-0390,37.9,21.7,61,9.4,24.0,22,368.5
PR-0391,9.0,18.0,82,9.7,24.3,31,316.4
PR-0392,56.6,23.7,59,44.5,27.7,98,372.8
PR-0393,17.4,21.6,72,20.4,23.8,144,353.7
PR-0394,8.8,17.8,80,36.1,20.7,172,265.8
PR-0395,2.3,22.5,69,16.0,19.9,30,234.6
PR-0396,59.6,16.6,91,14.4,33.9,84,373.8
PR-0397,90.4,25.9,51,16.4,21.8,141,333.9
PR-0398,34.1,25.4,55,37.3,28.8,168,371.0
PR-0399,7.7,24.8,54,24.6,26.8,14,301.7
PR-0400,11.2,22.6,62,15.4,26.4,115,330.3
PR-0401,7.1,20.9,77,25.4,32.4,93,351.9
PR-0402,4.0,18.3,79,17.8,20.5,169,257.6
PR-0403,6.8,30.4,48,6.0,22.9,169,197.1
PR-0404,3.0,24.1,53,15.1,31.7,29,317.2
PR-0405,48.4,17.9,77,31.6,18.4,60,286.2
PR-0406,3.4,24.4,52,31.3,26.3,172,304.8
PR-0407,78.4,21.0,65,23.6,27.3,49,379.2
PR-0408,18.7,26.2,52,41.0,24.9,15,293.6
PR-0409,30.2,25.5,54,40.9,33.3,90,346.9
PR-0410,3.8,16.7,83,18.0,22.1,176,254.0
PR-0411,4.8,21.8,73,47.1,20.1,99,291.0
PR-0412,2.7,21.5,62,10.7,32.8,130,359.6
PR-0413,5.3,29.3,51,9.7,28.6,177,269.6
PR-0414,3.8,30.3,46,12.8,28.5,53,241.7
PR-0415,14.8,25.7,37,20.6,33.2,5,409.8
PR-0416,20.5,21.3,64,48.8,20.0,160,303.2
PR-0417,17.6,18.0,90,12.6,18.8,80,297.3
PR-0418,36.1,19.1,74,27.1,18.3,60,310.6
PR-0419,52.9,28.9,46,7.9,25.6,94,315.2
PR-0420,25.4,18.1,85,48.9,27.1,35,295.6
PR-0421,87.6,22.6,69,24.1,20.9,10,343.3
PR-0422,7.0,18.6,89,46.0,31.5,122,312.8
PR-0423,23.4,22.5,54,5.5,21.6,101,339.1
PR-0424,5.2,24.4,55,21.8,28.2,47,336.6
PR-0425,4.9,17.2,89,25.4,32.1,176,306.6
PR-0426,12.9,22.2,61,12.9,25.9,70,347.8
PR-0427,13.4,30.6,24,36.5,24.6,38,212.5
PR-0428,10.4,30.8,32,47.8,33.6,176,248.1
PR-0429,56.4,20.9,78,5.4,27.7,161,394.3
PR-0430,23.1,20.8,69,0.0,30.2,163,394.0
PR-0431,90.9,24.5,50,39.6,31.9,149,386.6
PR-0432,2.1,17.5,91,21.5,26.3,81,253.8
PR-0433,12.4,22.8,68,19.0,23.7,101,334.2
PR-0434,6.2,16.2,88,20.6,25.2,102,294.0
PR-0435,15.3,20.0,81,26.8,30.4,93,380.9
PR-0436,4.9,22.7,63,23.0,27.5,143,298.4
PR-0437,2.9,25.6,53,0.4,21.4,19,271.2
PR-0438,62.4,16.1,86,11.5,21.7,25,317.2
PR-0439,6.5,24.0,49,28.9,21.8,41,321.0
PR-0440,2.6,25.3,60,26.9,27.8,89,289.7
PR-0441,32.7,17.0,73,8.0,30.6,120,349.6
PR-0442,18.4,20.0,76,43.6,30.7,177,349.3
PR-0443,14.3,24.8,62,33.6,21.5,77,283.0
PR-0444,5.0,25.4,51,23.1,30.9,118,312.9
PR-0445,20.4,22.4,56,30.5,22.9,63,321.1
PR-0446,7.2,22.7,57,38.9,27.6,36,340.5
PR-0447,6.3,23.0,52,44.9,31.7,55,346.4
PR-0448,3.5,22.7,57,49.5,32.3,143,281.8
PR-0449,2.1,19.3,78,14.2,19.4,123,240.7
PR-0450,7.5,27.4,57,14.0,26.6,41,309.2
PR-0451,2.2,29.6,39,38.8,25.1,64,227.5
PR-0452,2.5,27.1,45,3.6,25.4,127,308.8
PR-0453,9.9,25.7,40,13.7,26.1,128,328.7
PR-0454,10.1,18.5,82,10.8,21.8,28,319.1
PR-0455,11.1,20.4,76,25.6,32.0,127,359.4
PR-0456,66.0,16.6,80,16.4,22.7,45,289.9
PR-0457,14.5,17.3,99,15.7,23.2,12,290.3
PR-0458,3.6,21.0,75,8.2,30.3,84,321.2
PR-0459,15.9,24.0,75,27.2,22.8,39,328.9
PR-0460,82.7,21.6,65,6.2,21.8,27,374.3
PR-0461,7.4,29.0,54,18.1,28.3,122,264.6
PR-0462,67.8,24.0,66,5.8,20.1,39,371.5
PR-0463,13.2,28.2,49,31.1,20.1,113,259.5
PR-0464,9.9,24.8,58,4.4,28.3,53,378.2
PR-0465,10.3,17.0,80,38.2,27.5,81,277.0
PR-0466,81.7,20.2,82,2.7,29.8,124,435.7
PR-0467,97.8,25.8,48,44.5,30.9,43,404.4
PR-0468,17.4,17.8,95,26.8,33.9,10,358.4
PR-0469,3.3,22.8,53,5.8,32.7,76,373.2
PR-0470,95.9,29.7,42,43.1,24.7,142,284.9
PR-0471,5.2,28.2,46,3.4,19.7,80,270.1
PR-0472,93.6,20.5,62,39.0,26.8,53,401.1
PR-0473,17.1,16.2,97,27.7,31.1,148,329.0
PR-0474,5.1,20.4,85,8.2,20.8,152,304.1
PR-0475,3.1,23.9,66,12.2,22.9,175,309.8
PR-0476,36.2,18.8,86,44.4,28.9,159,346.4
PR-0477,92.6,22.5,62,6.7,33.7,139,428.5
PR-0478,63.9,16.4,87,12.5,22.3,108,328.1
PR-0479,16.3,25.6,49,23.8,26.7,104,321.9
PR-0480,5.1,17.3,84,7.8,26.2,62,257.8
PR-0481,34.7,29.1,48,21.4,31.4,141,347.4
PR-0482,4.1,17.1,97,39.8,27.1,173,249.6
PR-0483,17.0,21.5,63,27.2,24.1,136,338.0
PR-0484,11.3,27.2,42,31.2,33.9,140,340.2
PR-0485,30.6,24.3,57,34.0,18.9,37,306.0
PR-0486,2.8,17.5,92,15.8,24.8,150,249.6
PR-0487,53.0,28.6,39,26.5,27.5,52,305.0
PR-0488,8.2,25.3,54,14.3,31.9,30,344.2
PR-0489,77.2,17.1,97,1.3,33.2,111,423.0
PR-0490,43.2,18.4,67,5.3,24.3,110,354.3
PR-0491,28.4,16.0,91,43.7,29.0,16,296.6
PR-0492,15.8,26.9,39,15.1,24.0,120,317.7
PR-0493,11.6,27.7,41,19.0,28.1,12,333.7
PR-0494,12.4,18.9,91,17.4,31.2,176,349.1
PR-0495,21.4,28.3,42,25.2,25.6,107,279.9
PR-0496,22.7,22.6,61,15.0,28.0,72,349.8
PR-0497,5.3,29.2,46,11.9,33.9,124,327.2
PR-0498,5.6,23.7,76,12.5,19.0,103,312.1
PR-0499,42.8,19.1,77,39.1,32.2,100,390.1
PR-0500,5.5,26.5,38,19.2,18.8,14,276.7
